team_id,season,week,team_id_opp,matchup_type,result,score_team,score_opp
1073358,2014,1,1073363,Division Game,L,70.22,100.72
1073358,2014,10,1089754,Non-Division Game,L,55.58,77.84
1073358,2014,11,1073370,Division Game,W,69.7,63.62
1073358,2014,12,1115989,Division Game,L,38.8,108.54
1073358,2014,13,1073420,Division Game,L,100,131.24
1073358,2014,14,1115989,Consolation Game,W,108.04,73.86
1073358,2014,15,1089754,Consolation Game,W,104.76,88.28
1073358,2014,16,1087309,Consolation Game,W,81.8,78.9
1073358,2014,2,1107405,Division Game,L,83.14,83.28
1073358,2014,3,1073671,Non-Division Game,W,73.7,62.84
1073358,2014,4,1073370,Division Game,W,103.08,93.68
1073358,2014,5,1115989,Division Game,L,84.3,93.64
1073358,2014,6,1073420,Division Game Commish Edit,L,62.74,91.44
1073358,2014,7,1073395,Non-Division Game,L,58.94,100.3
1073358,2014,8,1073363,Division Game,L,107.38,144.96
1073358,2014,9,1107405,Division Game,L,69.72,96.86
1073358,2015,1,1073363,Division Game,W,97.84,82.3
1073358,2015,10,1089754,Non-Division Game,W,93.32,87.76
1073358,2015,11,1073370,Division Game,W,97.68,61.14
1073358,2015,12,1115989,Division Game,W,116.04,77.32
1073358,2015,13,1073420,Division Game,W,98.04,95.06
1073358,2015,14,1073363,Playoff Game,W,81.7,66.1
1073358,2015,15,1107405,Playoff Game,W,116.66,103.46
1073358,2015,16,1073361,Championship,L,63.5,103.74
1073358,2015,2,1107405,Division Game,W,105.5,91.54
1073358,2015,3,1087309,Non-Division Game,L,75.34,119.38
1073358,2015,4,1073370,Division Game,W,90.38,63.48
1073358,2015,5,1115989,Division Game,L,89.64,98.24
1073358,2015,6,1073420,Division Game,W,96.84,84.7
1073358,2015,7,1073361,Non-Division Game,L,72.5,114.42
1073358,2015,8,1073363,Division Game,L,77.66,78.92
1073358,2015,9,1107405,Division Game,W,105.78,77.16
1073358,2016,1,1073420,Division Game,L,78.46,99.56
1073358,2016,10,1073395,Non-Division Game,W,125.9,67.14
1073358,2016,11,1073370,Division Game,L,82.5,95.38
1073358,2016,12,1107405,Division Game,W,113.06,58.96
1073358,2016,13,1073363,Division Game,L,90.84,110.68
1073358,2016,14,1073420,Playoff Game,L,55.76,77.08
1073358,2016,2,1115989,Division Game,L,102.36,144.34
1073358,2016,3,1075098,Non-Division Game,L,71.14,108.86
1073358,2016,4,1073370,Division Game,W,95.48,93.9
1073358,2016,5,1107405,Division Game,W,102.92,81.14
1073358,2016,6,1073363,Division Game,L,71.16,98.48
1073358,2016,7,1073671,Non-Division Game,L,80.18,112.58
1073358,2016,8,1073420,Division Game,W,124.4,78.92
1073358,2016,9,1115989,Division Game,W,98.42,90.46
1073358,2017,1,1073363,Division Game,L,71.64,99.84
1073358,2017,10,1089754,Non-Division Game,W,102.98,83.36
1073358,2017,11,1073370,Division Game,W,92.78,80.94
1073358,2017,12,1115989,Division Game,W,113.28,88.98
1073358,2017,13,1073420,Division Game,W,80.54,61.12
1073358,2017,14,1073363,Playoff Game,L,51.54,106.18
1073358,2017,2,1107405,Division Game,L,66.7,90.12
1073358,2017,3,1087309,Non-Division Game,L,93.1,136.02
1073358,2017,4,1073370,Division Game,W,102.54,69.34
1073358,2017,5,1115989,Division Game,L,58.42,63.96
1073358,2017,6,1073420,Division Game,W,93.9,63.82
1073358,2017,7,1073361,Non-Division Game,W,85.82,62.2
1073358,2017,8,1073363,Division Game,L,73.62,79.78
1073358,2017,9,1107405,Division Game,L,88.48,125.98
1073358,2018,1,1073420,Division Game,L,85.76,117.78
1073358,2018,2,1115989,Division Game,W,87.8,84.3
1073358,2018,3,1075098,Non-Division Game,L,97.74,102.24
1073361,2014,1,1073395,Division Game,W,85.9,81.66
1073361,2014,10,1073420,Non-Division Game,L,56.76,63.56
1073361,2014,11,1087309,Division Game,L,76.22,115.58
1073361,2014,12,1089754,Division Game,W,111.52,76.26
1073361,2014,13,1075098,Division Game,W,165.3,91.66
1073361,2014,14,1073395,Playoff Game,W,101.36,87.28
1073361,2014,15,1075098,Playoff Game,L,90.08,135.72
1073361,2014,16,1073420,Playoff Game 3rd place,L,57.36,88.38
1073361,2014,2,1073671,Division Game,W,95.58,91.84
1073361,2014,3,1115989,Non-Division Game,W,117.3,75.2
1073361,2014,4,1087309,Division Game,W,105.92,102.14
1073361,2014,5,1089754,Division Game,W,101.68,97.28
1073361,2014,6,1075098,Division Game,L,72.6,88.78
1073361,2014,7,1107405,Non-Division Game,W,97.86,93.42
1073361,2014,8,1073395,Division Game,L,75,94.12
1073361,2014,9,1073671,Division Game,L,80.86,120.72
1073361,2015,1,1073395,Division Game,W,91.62,88.96
1073361,2015,10,1073363,Non-Division Game,L,66.76,99.98
1073361,2015,11,1087309,Division Game,W,107.42,51.38
1073361,2015,12,1089754,Division Game,L,89.6,101.28
1073361,2015,13,1075098,Division Game,W,129.02,57.74
1073361,2015,15,1075098,Playoff Game,W,115.96,105.98
1073361,2015,16,1073358,Championship,W,103.74,63.5
1073361,2015,2,1073671,Division Game,W,93.2,69.1
1073361,2015,3,1073370,Non-Division Game,L,71.8,87.58
1073361,2015,4,1087309,Division Game,W,92.84,65.56
1073361,2015,5,1089754,Division Game,W,109.34,78.4
1073361,2015,6,1075098,Division Game,W,94.08,63.7
1073361,2015,7,1073358,Non-Division Game,W,114.42,72.5
1073361,2015,8,1073395,Division Game,W,104.14,66.58
1073361,2015,9,1073671,Division Game,L,78.98,118.94
1073361,2016,1,1075098,Division Game,W,100.8,85.4
1073361,2016,10,1073420,Non-Division Game,W,118.34,101.78
1073361,2016,11,1087309,Division Game,L,98.68,100.1
1073361,2016,12,1073671,Division Game,W,110.66,85
1073361,2016,13,1073395,Division Game,W,122.62,96.56
1073361,2016,14,1075098,Playoff Game,W,106.64,80.16
1073361,2016,15,1073420,Playoff Game,W,81.7,75.14
1073361,2016,16,1073395,Championship,W,129.82,95.38
1073361,2016,2,1089754,Division Game,L,92.28,103.7
1073361,2016,3,1115989,Non-Division Game,W,121.54,69.64
1073361,2016,4,1087309,Division Game,L,109.46,118.1
1073361,2016,5,1073671,Division Game,L,87.38,96.08
1073361,2016,6,1073395,Division Game,W,102.72,100.56
1073361,2016,7,1107405,Non-Division Game,W,93.72,55.98
1073361,2016,8,1075098,Division Game,W,104.7,97
1073361,2016,9,1089754,Division Game,W,75.54,55.9
1073361,2017,1,1073395,Division Game,L,55.12,95.34
1073361,2017,10,1073363,Non-Division Game,L,59.32,88.96
1073361,2017,11,1087309,Division Game,L,78.26,91.6
1073361,2017,12,1089754,Division Game,L,83.1,101.06
1073361,2017,13,1075098,Division Game,L,80.96,93
1073361,2017,14,1073420,Consolation Game,L,64.82,77.04
1073361,2017,2,1073671,Division Game,W,111.48,104.54
1073361,2017,3,1073370,Non-Division Game,L,60.3,80.4
1073361,2017,4,1087309,Division Game,L,87.08,96.58
1073361,2017,5,1089754,Division Game Commish Edit,L,85.54,103.66
1073361,2017,6,1075098,Division Game,L,75.7,77.84
1073361,2017,7,1073358,Non-Division Game,L,62.2,85.82
1073361,2017,8,1073395,Division Game,W,111.18,101.4
1073361,2017,9,1073671,Division Game,L,73.26,106.32
1073361,2018,1,1075098,Division Game,L,69.64,102.94
1073361,2018,2,1089754,Division Game,L,94.6,97.08
1073361,2018,3,1115989,Non-Division Game,W,97.3,76.48
1073363,2014,1,1073358,Division Game,W,100.72,70.22
1073363,2014,10,1073395,Non-Division Game,L,133.18,137.8
1073363,2014,11,1115989,Division Game,W,109.8,100.52
1073363,2014,12,1107405,Division Game,W,122.9,86.54
1073363,2014,13,1073370,Division Game,W,106.98,75.46
1073363,2014,15,1073420,Playoff Game,W,80.8,65.4
1073363,2014,16,1075098,Championship,L,89.32,89.34
1073363,2014,2,1073420,Division Game,L,89.68,95.74
1073363,2014,3,1087309,Non-Division Game,W,100.02,74.5
1073363,2014,4,1115989,Division Game,W,95.28,86.52
1073363,2014,5,1107405,Division Game,W,103.64,90.54
1073363,2014,6,1073370,Division Game Commish Edit,L,75.6,114.32
1073363,2014,7,1075098,Non-Division Game,W,105.06,101.12
1073363,2014,8,1073358,Division Game,W,144.96,107.38
1073363,2014,9,1073420,Division Game,W,96.98,80.36
1073363,2015,1,1073358,Division Game,L,82.3,97.84
1073363,2015,10,1073361,Non-Division Game,W,99.98,66.76
1073363,2015,11,1115989,Division Game,W,101.94,90.8
1073363,2015,12,1107405,Division Game,L,65.12,102.6
1073363,2015,13,1073370,Division Game,W,132.84,32.1
1073363,2015,14,1073358,Playoff Game,L,66.1,81.7
1073363,2015,2,1073420,Division Game,W,96.18,83.42
1073363,2015,3,1089754,Non-Division Game,L,82.6,113.08
1073363,2015,4,1115989,Division Game,L,67.16,78.56
1073363,2015,5,1107405,Division Game,L,97.68,99.7
1073363,2015,6,1073370,Division Game,W,85.16,66.66
1073363,2015,7,1075098,Non-Division Game,W,90.78,80.28
1073363,2015,8,1073358,Division Game,W,78.92,77.66
1073363,2015,9,1073420,Division Game,W,120.78,96.42
1073363,2016,1,1073370,Division Game,W,97.06,95
1073363,2016,10,1087309,Non-Division Game,L,78.14,93.74
1073363,2016,11,1115989,Division Game,L,77.58,79.68
1073363,2016,12,1073420,Division Game,W,73.24,58.06
1073363,2016,13,1073358,Division Game,W,110.68,90.84
1073363,2016,14,1073395,Playoff Game,L,79.5,94.64
1073363,2016,2,1107405,Division Game,W,89.82,74.26
1073363,2016,3,1073671,Non-Division Game,W,100.48,90.94
1073363,2016,4,1115989,Division Game,W,95.3,62.04
1073363,2016,5,1073420,Division Game,W,102.2,61.18
1073363,2016,6,1073358,Division Game,W,98.48,71.16
1073363,2016,7,1073395,Non-Division Game,L,101.36,113.74
1073363,2016,8,1073370,Division Game,W,94.98,61.2
1073363,2016,9,1107405,Division Game,L,73.9,81.08
1073363,2017,1,1073358,Division Game,W,99.84,71.64
1073363,2017,10,1073361,Non-Division Game,W,88.96,59.32
1073363,2017,11,1115989,Division Game,W,78,65.02
1073363,2017,12,1107405,Division Game,L,115.92,126.62
1073363,2017,13,1073370,Division Game,W,97.92,96
1073363,2017,14,1073358,Playoff Game,W,106.18,51.54
1073363,2017,15,1107405,Playoff Game,W,131.68,107.88
1073363,2017,16,1087309,Championship,L,60.1,94.46
1073363,2017,2,1073420,Division Game,L,60.52,92.08
1073363,2017,3,1089754,Non-Division Game,W,111.18,71.46
1073363,2017,4,1115989,Division Game,W,73.92,69.78
1073363,2017,5,1107405,Division Game,L,80.72,94.92
1073363,2017,6,1073370,Division Game,W,108.16,62.18
1073363,2017,7,1075098,Non-Division Game,W,97.04,91.66
1073363,2017,8,1073358,Division Game,W,79.78,73.62
1073363,2017,9,1073420,Division Game,L,67.72,79.62
1073363,2018,1,1073370,Division Game,W,91.94,68.32
1073363,2018,2,1107405,Division Game,W,108.78,107.48
1073363,2018,3,1073671,Non-Division Game,L,91,99.44
1073370,2014,1,1107405,Division Game,L,96.92,113.24
1073370,2014,10,1087309,Non-Division Game,L,111.68,162.22
1073370,2014,11,1073358,Division Game,L,63.62,69.7
1073370,2014,12,1073420,Division Game,W,107.04,82.72
1073370,2014,13,1073363,Division Game,L,75.46,106.98
1073370,2014,14,1073671,Consolation Game,L,59.06,121.74
1073370,2014,2,1115989,Division Game,W,89.8,63.62
1073370,2014,3,1089754,Non-Division Game,L,99.44,109
1073370,2014,4,1073358,Division Game,L,93.68,103.08
1073370,2014,5,1073420,Division Game,W,94.72,83.94
1073370,2014,6,1073363,Division Game Commish Edit,W,114.32,75.6
1073370,2014,7,1073671,Non-Division Game,L,66.6,95.66
1073370,2014,8,1107405,Division Game,L,104.18,104.36
1073370,2014,9,1115989,Division Game,L,59.52,96.98
1073370,2015,1,1107405,Division Game,L,72.34,111.42
1073370,2015,10,1075098,Non-Division Game,L,100.54,108.72
1073370,2015,11,1073358,Division Game,L,61.14,97.68
1073370,2015,12,1073420,Division Game,L,61.96,72.1
1073370,2015,13,1073363,Division Game,L,32.1,132.84
1073370,2015,14,1115989,Consolation Game,L,44.5,75.46
1073370,2015,2,1115989,Division Game,W,127.26,78.22
1073370,2015,3,1073361,Non-Division Game,W,87.58,71.8
1073370,2015,4,1073358,Division Game,L,63.48,90.38
1073370,2015,5,1073420,Division Game,W,83.14,75.16
1073370,2015,6,1073363,Division Game,L,66.66,85.16
1073370,2015,7,1073395,Non-Division Game,L,48.3,80.5
1073370,2015,8,1107405,Division Game,L,97.7,101.24
1073370,2015,9,1115989,Division Game,L,66.32,85.16
1073370,2016,1,1073363,Division Game,L,95,97.06
1073370,2016,10,1073671,Non-Division Game,L,81.4,97.52
1073370,2016,11,1073358,Division Game,W,95.38,82.5
1073370,2016,12,1115989,Division Game,W,105.66,57.26
1073370,2016,13,1107405,Division Game,W,85.6,61.9
1073370,2016,14,1107405,Consolation Game,W,71.52,45.5
1073370,2016,15,1073671,Consolation Game,W,112.74,88.16
1073370,2016,2,1073420,Division Game,L,98.56,104.54
1073370,2016,3,1087309,Non-Division Game,W,101.18,85.48
1073370,2016,4,1073358,Division Game,L,93.9,95.48
1073370,2016,5,1115989,Division Game,W,101,68.92
1073370,2016,6,1107405,Division Game,L,88.56,93.14
1073370,2016,7,1089754,Non-Division Game,L,29.44,94.74
1073370,2016,8,1073363,Division Game,L,61.2,94.98
1073370,2016,9,1073420,Division Game,L,88.08,126.16
1073370,2017,1,1107405,Division Game,W,98.82,79.62
1073370,2017,10,1075098,Non-Division Game,W,76.06,65.18
1073370,2017,11,1073358,Division Game,L,80.94,92.78
1073370,2017,12,1073420,Division Game,L,74.46,111.48
1073370,2017,13,1073363,Division Game,L,96,97.92
1073370,2017,15,1073420,Consolation Game,L,72.74,75.28
1073370,2017,16,1075098,Consolation Game,L,25.1,94.88
1073370,2017,2,1115989,Division Game,W,92.72,71.16
1073370,2017,3,1073361,Non-Division Game,W,80.4,60.3
1073370,2017,4,1073358,Division Game,L,69.34,102.54
1073370,2017,5,1073420,Division Game,W,74.98,49.64
1073370,2017,6,1073363,Division Game,L,62.18,108.16
1073370,2017,7,1073395,Non-Division Game,W,121.22,90.42
1073370,2017,8,1107405,Division Game,L,92.28,118.78
1073370,2017,9,1115989,Division Game,W,79.62,44.96
1073370,2018,1,1073363,Division Game,L,68.32,91.94
1073370,2018,2,1073420,Division Game,W,111.84,92.86
1073370,2018,3,1087309,Non-Division Game,W,82.76,76.94
1073395,2014,1,1073361,Division Game,L,81.66,85.9
1073395,2014,10,1073363,Non-Division Game,W,137.8,133.18
1073395,2014,11,1089754,Division Game,W,92.74,92.38
1073395,2014,12,1075098,Division Game,L,69.66,117.88
1073395,2014,13,1073671,Division Game,W,78.22,63.2
1073395,2014,14,1073361,Playoff Game,L,87.28,101.36
1073395,2014,2,1087309,Division Game,L,83.04,108.46
1073395,2014,3,1107405,Non-Division Game,L,84.28,86.52
1073395,2014,4,1089754,Division Game,W,106.58,70.4
1073395,2014,5,1075098,Division Game,W,102.94,91.26
1073395,2014,6,1073671,Division Game,W,112.06,97.2
1073395,2014,7,1073358,Non-Division Game,W,100.3,58.94
1073395,2014,8,1073361,Division Game,W,94.12,75
1073395,2014,9,1087309,Division Game,L,73.26,88.76
1073395,2015,1,1073361,Division Game,L,88.96,91.62
1073395,2015,10,1073420,Non-Division Game,L,79.32,85.02
1073395,2015,11,1089754,Division Game,W,76.38,62.42
1073395,2015,12,1075098,Division Game,L,73.28,134.96
1073395,2015,13,1073671,Division Game,W,130.12,50.72
1073395,2015,15,1115989,Consolation Game,L,64.46,88.1
1073395,2015,16,1087309,Consolation Game,L,87.44,149.1
1073395,2015,2,1087309,Division Game,W,96.06,57.3
1073395,2015,3,1115989,Non-Division Game,W,130.32,65.84
1073395,2015,4,1089754,Division Game,W,86.96,79.12
1073395,2015,5,1075098,Division Game,L,68.44,85.94
1073395,2015,6,1073671,Division Game,L,74.5,85.58
1073395,2015,7,1073370,Non-Division Game,W,80.5,48.3
1073395,2015,8,1073361,Division Game,L,66.58,104.14
1073395,2015,9,1087309,Division Game,W,97.56,96.14
1073395,2016,1,1073671,Division Game,W,106.26,84.32
1073395,2016,10,1073358,Non-Division Game,L,67.14,125.9
1073395,2016,11,1089754,Division Game,W,104.14,98.52
1073395,2016,12,1087309,Division Game,L,87.42,160.24
1073395,2016,13,1073361,Division Game,L,96.56,122.62
1073395,2016,14,1073363,Playoff Game,W,94.64,79.5
1073395,2016,15,1089754,Playoff Game,W,88.38,80.14
1073395,2016,16,1073361,Championship,L,95.38,129.82
1073395,2016,2,1075098,Division Game,L,78.82,83.36
1073395,2016,3,1107405,Non-Division Game,W,111.7,53.92
1073395,2016,4,1089754,Division Game,L,70.54,89.02
1073395,2016,5,1087309,Division Game,W,108.26,90.28
1073395,2016,6,1073361,Division Game,L,100.56,102.72
1073395,2016,7,1073363,Non-Division Game,W,113.74,101.36
1073395,2016,8,1073671,Division Game,W,97.84,72.2
1073395,2016,9,1075098,Division Game,W,98.98,84.64
1073395,2017,1,1073361,Division Game,W,95.34,55.12
1073395,2017,10,1073420,Non-Division Game,W,101.04,75
1073395,2017,11,1089754,Division Game,W,125,96.26
1073395,2017,12,1075098,Division Game,L,63.88,86.24
1073395,2017,13,1073671,Division Game,L,76.82,77.66
1073395,2017,15,1075098,Consolation Game,W,104.32,94.64
1073395,2017,16,1073420,Consolation Game,W,83.76,62.72
1073395,2017,2,1087309,Division Game,L,96.22,97.68
1073395,2017,3,1115989,Non-Division Game,W,86.52,41.14
1073395,2017,4,1089754,Division Game,L,85.36,99.68
1073395,2017,5,1075098,Division Game,W,110.54,82.66
1073395,2017,6,1073671,Division Game,L,64.52,74.64
1073395,2017,7,1073370,Non-Division Game,L,90.42,121.22
1073395,2017,8,1073361,Division Game,L,101.4,111.18
1073395,2017,9,1087309,Division Game,L,62,89.46
1073395,2018,1,1073671,Division Game,W,108.84,106.96
1073395,2018,2,1075098,Division Game,L,62.14,106.84
1073395,2018,3,1107405,Non-Division Game,L,112.4,133.22
1073420,2014,1,1115989,Division Game,L,76.02,106.24
1073420,2014,10,1073361,Non-Division Game,W,63.56,56.76
1073420,2014,11,1107405,Division Game,L,65.12,99.02
1073420,2014,12,1073370,Division Game,L,82.72,107.04
1073420,2014,13,1073358,Division Game,W,131.24,100
1073420,2014,14,1107405,Playoff Game,W,124.7,97.92
1073420,2014,15,1073363,Playoff Game,L,65.4,80.8
1073420,2014,16,1073361,Playoff Game 3rd place,W,88.38,57.36
1073420,2014,2,1073363,Division Game,W,95.74,89.68
1073420,2014,3,1075098,Non-Division Game,L,97.44,100.12
1073420,2014,4,1107405,Division Game,W,105.72,85.96
1073420,2014,5,1073370,Division Game,L,83.94,94.72
1073420,2014,6,1073358,Division Game Commish Edit,W,91.44,62.74
1073420,2014,7,1089754,Non-Division Game,W,89.82,81.34
1073420,2014,8,1115989,Division Game,W,77.42,63.3
1073420,2014,9,1073363,Division Game,L,80.36,96.98
1073420,2015,1,1115989,Division Game,W,112.02,74.04
1073420,2015,10,1073395,Non-Division Game,W,85.02,79.32
1073420,2015,11,1107405,Division Game,L,67.8,83.08
1073420,2015,12,1073370,Division Game,W,72.1,61.96
1073420,2015,13,1073358,Division Game,L,95.06,98.04
1073420,2015,14,1087309,Consolation Game,L,82.06,93.72
1073420,2015,2,1073363,Division Game,L,83.42,96.18
1073420,2015,3,1073671,Non-Division Game,W,134.2,79.56
1073420,2015,4,1107405,Division Game,L,65.64,88.28
1073420,2015,5,1073370,Division Game,L,75.16,83.14
1073420,2015,6,1073358,Division Game,L,84.7,96.84
1073420,2015,7,1087309,Non-Division Game,W,107.14,94.28
1073420,2015,8,1115989,Division Game,W,101.48,47.34
1073420,2015,9,1073363,Division Game,L,96.42,120.78
1073420,2016,1,1073358,Division Game,W,99.56,78.46
1073420,2016,10,1073361,Non-Division Game,L,101.78,118.34
1073420,2016,11,1107405,Division Game,W,83.98,70.42
1073420,2016,12,1073363,Division Game,L,58.06,73.24
1073420,2016,13,1115989,Division Game,W,74.38,71.02
1073420,2016,14,1073358,Playoff Game,W,77.08,55.76
1073420,2016,15,1073361,Playoff Game,L,75.14,81.7
1073420,2016,16,1089754,Playoff Game 3rd place,L,88.18,96.68
1073420,2016,2,1073370,Division Game,W,104.54,98.56
1073420,2016,3,1089754,Non-Division Game,W,98.9,74.74
1073420,2016,4,1107405,Division Game,W,135.22,61.36
1073420,2016,5,1073363,Division Game,L,61.18,102.2
1073420,2016,6,1115989,Division Game,W,107.9,65.96
1073420,2016,7,1075098,Non-Division Game,W,112.82,68.76
1073420,2016,8,1073358,Division Game,L,78.92,124.4
1073420,2016,9,1073370,Division Game,W,126.16,88.08
1073420,2017,1,1115989,Division Game,W,65.94,24.9
1073420,2017,10,1073395,Non-Division Game,L,75,101.04
1073420,2017,11,1107405,Division Game,L,88.3,117.32
1073420,2017,12,1073370,Division Game,W,111.48,74.46
1073420,2017,13,1073358,Division Game,L,61.12,80.54
1073420,2017,14,1073361,Consolation Game,W,77.04,64.82
1073420,2017,15,1073370,Consolation Game,W,75.28,72.74
1073420,2017,16,1073395,Consolation Game,L,62.72,83.76
1073420,2017,2,1073363,Division Game,W,92.08,60.52
1073420,2017,3,1073671,Non-Division Game,L,67.86,89.92
1073420,2017,4,1107405,Division Game,L,74.78,91.6
1073420,2017,5,1073370,Division Game,L,49.64,74.98
1073420,2017,6,1073358,Division Game,L,63.82,93.9
1073420,2017,7,1087309,Non-Division Game,L,79.92,96.86
1073420,2017,8,1115989,Division Game,L,76.26,84.84
1073420,2017,9,1073363,Division Game,W,79.62,67.72
1073420,2018,1,1073358,Division Game,W,117.78,85.76
1073420,2018,2,1073370,Division Game,L,92.86,111.84
1073420,2018,3,1089754,Non-Division Game,L,69.12,87.88
1073671,2014,1,1089754,Division Game,L,99.54,120.38
1073671,2014,10,1107405,Non-Division Game,L,67.28,73.88
1073671,2014,11,1075098,Division Game,L,58.32,72.56
1073671,2014,12,1087309,Division Game,L,71.46,98.04
1073671,2014,13,1073395,Division Game,L,63.2,78.22
1073671,2014,14,1073370,Consolation Game,W,121.74,59.06
1073671,2014,15,1087309,Consolation Game,L,42.92,87.7
1073671,2014,16,1089754,Consolation Game,L,36.92,86.48
1073671,2014,2,1073361,Division Game,L,91.84,95.58
1073671,2014,3,1073358,Non-Division Game,L,62.84,73.7
1073671,2014,4,1075098,Division Game,L,71.12,82.08
1073671,2014,5,1087309,Division Game,L,102.74,113.46
1073671,2014,6,1073395,Division Game,L,97.2,112.06
1073671,2014,7,1073370,Non-Division Game,W,95.66,66.6
1073671,2014,8,1089754,Division Game,W,131.6,126.76
1073671,2014,9,1073361,Division Game,W,120.72,80.86
1073671,2015,1,1089754,Division Game,L,80.2,90.54
1073671,2015,10,1115989,Non-Division Game,W,95.26,53.48
1073671,2015,11,1075098,Division Game,L,61.86,64.78
1073671,2015,12,1087309,Division Game,W,110.92,61.84
1073671,2015,13,1073395,Division Game,L,50.72,130.12
1073671,2015,15,1087309,Consolation Game,W,104.74,97.4
1073671,2015,16,1115989,Consolation Game,W,93.28,70.7
1073671,2015,2,1073361,Division Game,L,69.1,93.2
1073671,2015,3,1073420,Non-Division Game,L,79.56,134.2
1073671,2015,4,1075098,Division Game,L,83.04,85.82
1073671,2015,5,1087309,Division Game,W,82.7,78.46
1073671,2015,6,1073395,Division Game,W,85.58,74.5
1073671,2015,7,1107405,Non-Division Game,L,119.9,123.6
1073671,2015,8,1089754,Division Game,W,144.6,89.24
1073671,2015,9,1073361,Division Game,W,118.94,78.98
1073671,2016,1,1073395,Division Game,L,84.32,106.26
1073671,2016,10,1073370,Non-Division Game,W,97.52,81.4
1073671,2016,11,1075098,Division Game,W,92.5,71.44
1073671,2016,12,1073361,Division Game,L,85,110.66
1073671,2016,13,1089754,Division Game,L,66.44,82.84
1073671,2016,14,1115989,Consolation Game,W,68.38,63.06
1073671,2016,15,1073370,Consolation Game,L,88.16,112.74
1073671,2016,2,1087309,Division Game,L,81.16,86.06
1073671,2016,3,1073363,Non-Division Game,L,90.94,100.48
1073671,2016,4,1075098,Division Game,L,60.68,75.98
1073671,2016,5,1073361,Division Game,W,96.08,87.38
1073671,2016,6,1089754,Division Game,L,64.2,82
1073671,2016,7,1073358,Non-Division Game,W,112.58,80.18
1073671,2016,8,1073395,Division Game,L,72.2,97.84
1073671,2016,9,1087309,Division Game,L,79.22,165.68
1073671,2017,1,1089754,Division Game,W,98.84,58.68
1073671,2017,10,1115989,Non-Division Game,W,86.56,75.92
1073671,2017,11,1075098,Division Game,W,107.3,85.96
1073671,2017,12,1087309,Division Game,L,70.04,93.86
1073671,2017,13,1073395,Division Game,W,77.66,76.82
1073671,2017,14,1089754,Playoff Game,L,102.94,116.56
1073671,2017,2,1073361,Division Game,L,104.54,111.48
1073671,2017,3,1073420,Non-Division Game,W,89.92,67.86
1073671,2017,4,1075098,Division Game,W,99.92,83.68
1073671,2017,5,1087309,Division Game,L,81.3,114.82
1073671,2017,6,1073395,Division Game,W,74.64,64.52
1073671,2017,7,1107405,Non-Division Game,W,113.24,65.26
1073671,2017,8,1089754,Division Game,L,83.06,90.88
1073671,2017,9,1073361,Division Game,W,106.32,73.26
1073671,2018,1,1073395,Division Game,L,106.96,108.84
1073671,2018,2,1087309,Division Game,W,118.62,116.34
1073671,2018,3,1073363,Non-Division Game,W,99.44,91
1075098,2014,1,1087309,Division Game,W,102.76,96.76
1075098,2014,10,1115989,Non-Division Game,W,109.7,100.2
1075098,2014,11,1073671,Division Game,W,72.56,58.32
1075098,2014,12,1073395,Division Game,W,117.88,69.66
1075098,2014,13,1073361,Division Game,L,91.66,165.3
1075098,2014,15,1073361,Playoff Game,W,135.72,90.08
1075098,2014,16,1073363,Championship,W,89.34,89.32
1075098,2014,2,1089754,Division Game,W,94.28,89.74
1075098,2014,3,1073420,Non-Division Game,W,100.12,97.44
1075098,2014,4,1073671,Division Game,W,82.08,71.12
1075098,2014,5,1073395,Division Game,L,91.26,102.94
1075098,2014,6,1073361,Division Game,W,88.78,72.6
1075098,2014,7,1073363,Non-Division Game,L,101.12,105.06
1075098,2014,8,1087309,Division Game,W,98.44,93.84
1075098,2014,9,1089754,Division Game,L,85.72,124.22
1075098,2015,1,1087309,Division Game,L,63.9,116.04
1075098,2015,10,1073370,Non-Division Game,W,108.72,100.54
1075098,2015,11,1073671,Division Game,W,64.78,61.86
1075098,2015,12,1073395,Division Game,W,134.96,73.28
1075098,2015,13,1073361,Division Game,L,57.74,129.02
1075098,2015,14,1089754,Playoff Game,W,108.58,99.4
1075098,2015,15,1073361,Playoff Game,L,105.98,115.96
1075098,2015,16,1107405,Playoff Game 3rd place,L,84.62,112.86
1075098,2015,2,1089754,Division Game,W,103.74,81.74
1075098,2015,3,1107405,Non-Division Game,W,92.16,87.8
1075098,2015,4,1073671,Division Game,W,85.82,83.04
1075098,2015,5,1073395,Division Game,W,85.94,68.44
1075098,2015,6,1073361,Division Game,L,63.7,94.08
1075098,2015,7,1073363,Non-Division Game,L,80.28,90.78
1075098,2015,8,1087309,Division Game,W,104.98,74
1075098,2015,9,1089754,Division Game,L,102.08,136.1
1075098,2016,1,1073361,Division Game,L,85.4,100.8
1075098,2016,10,1115989,Non-Division Game,W,117.38,77.26
1075098,2016,11,1073671,Division Game,L,71.44,92.5
1075098,2016,12,1089754,Division Game,W,97.8,89.18
1075098,2016,13,1087309,Division Game,L,81.7,86.06
1075098,2016,14,1073361,Playoff Game,L,80.16,106.64
1075098,2016,2,1073395,Division Game,W,83.36,78.82
1075098,2016,3,1073358,Non-Division Game,W,108.86,71.14
1075098,2016,4,1073671,Division Game,W,75.98,60.68
1075098,2016,5,1089754,Division Game,W,110.36,105.66
1075098,2016,6,1087309,Division Game,W,104.44,80.82
1075098,2016,7,1073420,Non-Division Game,L,68.76,112.82
1075098,2016,8,1073361,Division Game,L,97,104.7
1075098,2016,9,1073395,Division Game,L,84.64,98.98
1075098,2017,1,1087309,Division Game Commish Edit,W,113.8,87.48
1075098,2017,10,1073370,Non-Division Game,L,65.18,76.06
1075098,2017,11,1073671,Division Game,L,85.96,107.3
1075098,2017,12,1073395,Division Game,W,86.24,63.88
1075098,2017,13,1073361,Division Game,W,93,80.96
1075098,2017,14,1115989,Consolation Game,W,89.1,76.14
1075098,2017,15,1073395,Consolation Game,L,94.64,104.32
1075098,2017,16,1073370,Consolation Game,W,94.88,25.1
1075098,2017,2,1089754,Division Game,L,70.46,91.54
1075098,2017,3,1107405,Non-Division Game,W,117.62,93.22
1075098,2017,4,1073671,Division Game,L,83.68,99.92
1075098,2017,5,1073395,Division Game,L,82.66,110.54
1075098,2017,6,1073361,Division Game,W,77.84,75.7
1075098,2017,7,1073363,Non-Division Game,L,91.66,97.04
1075098,2017,8,1087309,Division Game,L,65.3,70.82
1075098,2017,9,1089754,Division Game,L,80.78,122.64
1075098,2018,1,1073361,Division Game,W,102.94,69.64
1075098,2018,2,1073395,Division Game,W,106.84,62.14
1075098,2018,3,1073358,Non-Division Game,W,102.24,97.74
1087309,2014,1,1075098,Division Game,L,96.76,102.76
1087309,2014,10,1073370,Non-Division Game,W,162.22,111.68
1087309,2014,11,1073361,Division Game,W,115.58,76.22
1087309,2014,12,1073671,Division Game,W,98.04,71.46
1087309,2014,13,1089754,Division Game,L,91.8,137
1087309,2014,15,1073671,Consolation Game,W,87.7,42.92
1087309,2014,16,1073358,Consolation Game,L,78.9,81.8
1087309,2014,2,1073395,Division Game,W,108.46,83.04
1087309,2014,3,1073363,Non-Division Game,L,74.5,100.02
1087309,2014,4,1073361,Division Game,L,102.14,105.92
1087309,2014,5,1073671,Division Game,W,113.46,102.74
1087309,2014,6,1089754,Division Game,L,84.34,119.02
1087309,2014,7,1115989,Non-Division Game,L,59.1,72.42
1087309,2014,8,1075098,Division Game,L,93.84,98.44
1087309,2014,9,1073395,Division Game,W,88.76,73.26
1087309,2015,1,1075098,Division Game,W,116.04,63.9
1087309,2015,10,1107405,Non-Division Game,L,86.42,89.66
1087309,2015,11,1073361,Division Game,L,51.38,107.42
1087309,2015,12,1073671,Division Game,L,61.84,110.92
1087309,2015,13,1089754,Division Game,L,53.56,103.6
1087309,2015,14,1073420,Consolation Game,W,93.72,82.06
1087309,2015,15,1073671,Consolation Game,L,97.4,104.74
1087309,2015,16,1073395,Consolation Game,W,149.1,87.44
1087309,2015,2,1073395,Division Game,L,57.3,96.06
1087309,2015,3,1073358,Non-Division Game,W,119.38,75.34
1087309,2015,4,1073361,Division Game,L,65.56,92.84
1087309,2015,5,1073671,Division Game,L,78.46,82.7
1087309,2015,6,1089754,Division Game,L,95.82,136.02
1087309,2015,7,1073420,Non-Division Game,L,94.28,107.14
1087309,2015,8,1075098,Division Game,L,74,104.98
1087309,2015,9,1073395,Division Game,L,96.14,97.56
1087309,2016,1,1089754,Division Game,W,135.44,135.2
1087309,2016,10,1073363,Non-Division Game,W,93.74,78.14
1087309,2016,11,1073361,Division Game,W,100.1,98.68
1087309,2016,12,1073395,Division Game,W,160.24,87.42
1087309,2016,13,1075098,Division Game,W,86.06,81.7
1087309,2016,14,1089754,Playoff Game,L,64.04,117.02
1087309,2016,2,1073671,Division Game,W,86.06,81.16
1087309,2016,3,1073370,Non-Division Game,L,85.48,101.18
1087309,2016,4,1073361,Division Game,W,118.1,109.46
1087309,2016,5,1073395,Division Game,L,90.28,108.26
1087309,2016,6,1075098,Division Game,L,80.82,104.44
1087309,2016,7,1115989,Non-Division Game,W,112.68,87.22
1087309,2016,8,1089754,Division Game,W,76.1,67.2
1087309,2016,9,1073671,Division Game,W,165.68,79.22
1087309,2017,1,1075098,Division Game Commish Edit,L,87.48,113.8
1087309,2017,10,1107405,Non-Division Game,L,72.74,104.92
1087309,2017,11,1073361,Division Game,W,91.6,78.26
1087309,2017,12,1073671,Division Game,W,93.86,70.04
1087309,2017,13,1089754,Division Game,L,77.9,96.96
1087309,2017,15,1089754,Playoff Game,W,88.18,86.78
1087309,2017,16,1073363,Championship,W,94.46,60.1
1087309,2017,2,1073395,Division Game,W,97.68,96.22
1087309,2017,3,1073358,Non-Division Game,W,136.02,93.1
1087309,2017,4,1073361,Division Game,W,96.58,87.08
1087309,2017,5,1073671,Division Game,W,114.82,81.3
1087309,2017,6,1089754,Division Game,W,126.58,87.88
1087309,2017,7,1073420,Non-Division Game,W,96.86,79.92
1087309,2017,8,1075098,Division Game,W,70.82,65.3
1087309,2017,9,1073395,Division Game,W,89.46,62
1087309,2018,1,1089754,Division Game,W,128.9,71.24
1087309,2018,2,1073671,Division Game,L,116.34,118.62
1087309,2018,3,1073370,Non-Division Game,L,76.94,82.76
1089754,2014,1,1073671,Division Game,W,120.38,99.54
1089754,2014,10,1073358,Non-Division Game,W,77.84,55.58
1089754,2014,11,1073395,Division Game,L,92.38,92.74
1089754,2014,12,1073361,Division Game,L,76.26,111.52
1089754,2014,13,1087309,Division Game,W,137,91.8
1089754,2014,15,1073358,Consolation Game,L,88.28,104.76
1089754,2014,16,1073671,Consolation Game,W,86.48,36.92
1089754,2014,2,1075098,Division Game,L,89.74,94.28
1089754,2014,3,1073370,Non-Division Game,W,109,99.44
1089754,2014,4,1073395,Division Game,L,70.4,106.58
1089754,2014,5,1073361,Division Game,L,97.28,101.68
1089754,2014,6,1087309,Division Game,W,119.02,84.34
1089754,2014,7,1073420,Non-Division Game,L,81.34,89.82
1089754,2014,8,1073671,Division Game,L,126.76,131.6
1089754,2014,9,1075098,Division Game,W,124.22,85.72
1089754,2015,1,1073671,Division Game,W,90.54,80.2
1089754,2015,10,1073358,Non-Division Game,L,87.76,93.32
1089754,2015,11,1073395,Division Game,L,62.42,76.38
1089754,2015,12,1073361,Division Game,W,101.28,89.6
1089754,2015,13,1087309,Division Game,W,103.6,53.56
1089754,2015,14,1075098,Playoff Game,L,99.4,108.58
1089754,2015,2,1075098,Division Game,L,81.74,103.74
1089754,2015,3,1073363,Non-Division Game,W,113.08,82.6
1089754,2015,4,1073395,Division Game,L,79.12,86.96
1089754,2015,5,1073361,Division Game,L,78.4,109.34
1089754,2015,6,1087309,Division Game,W,136.02,95.82
1089754,2015,7,1115989,Non-Division Game,W,105.64,49.7
1089754,2015,8,1073671,Division Game,L,89.24,144.6
1089754,2015,9,1075098,Division Game,W,136.1,102.08
1089754,2016,1,1087309,Division Game,L,135.2,135.44
1089754,2016,10,1107405,Non-Division Game,W,99.94,76.62
1089754,2016,11,1073395,Division Game,L,98.52,104.14
1089754,2016,12,1075098,Division Game,L,89.18,97.8
1089754,2016,13,1073671,Division Game,W,82.84,66.44
1089754,2016,14,1087309,Playoff Game,W,117.02,64.04
1089754,2016,15,1073395,Playoff Game,L,80.14,88.38
1089754,2016,16,1073420,Playoff Game 3rd place,W,96.68,88.18
1089754,2016,2,1073361,Division Game,W,103.7,92.28
1089754,2016,3,1073420,Non-Division Game,L,74.74,98.9
1089754,2016,4,1073395,Division Game,W,89.02,70.54
1089754,2016,5,1075098,Division Game,L,105.66,110.36
1089754,2016,6,1073671,Division Game,W,82,64.2
1089754,2016,7,1073370,Non-Division Game,W,94.74,29.44
1089754,2016,8,1087309,Division Game,L,67.2,76.1
1089754,2016,9,1073361,Division Game,L,55.9,75.54
1089754,2017,1,1073671,Division Game,L,58.68,98.84
1089754,2017,10,1073358,Non-Division Game,L,83.36,102.98
1089754,2017,11,1073395,Division Game,L,96.26,125
1089754,2017,12,1073361,Division Game,W,101.06,83.1
1089754,2017,13,1087309,Division Game,W,96.96,77.9
1089754,2017,14,1073671,Playoff Game,W,116.56,102.94
1089754,2017,15,1087309,Playoff Game,L,86.78,88.18
1089754,2017,16,1107405,Playoff Game 3rd place,L,66.8,76.02
1089754,2017,2,1075098,Division Game,W,91.54,70.46
1089754,2017,3,1073363,Non-Division Game,L,71.46,111.18
1089754,2017,4,1073395,Division Game,W,99.68,85.36
1089754,2017,5,1073361,Division Game Commish Edit,W,103.66,85.54
1089754,2017,6,1087309,Division Game,L,87.88,126.58
1089754,2017,7,1115989,Non-Division Game,W,99.42,66.92
1089754,2017,8,1073671,Division Game,W,90.88,83.06
1089754,2017,9,1075098,Division Game,W,122.64,80.78
1089754,2018,1,1087309,Division Game,L,71.24,128.9
1089754,2018,2,1073361,Division Game,W,97.08,94.6
1089754,2018,3,1073420,Non-Division Game,W,87.88,69.12
1107405,2014,1,1073370,Division Game,W,113.24,96.92
1107405,2014,10,1073671,Non-Division Game,W,73.88,67.28
1107405,2014,11,1073420,Division Game,W,99.02,65.12
1107405,2014,12,1073363,Division Game,L,86.54,122.9
1107405,2014,13,1115989,Division Game,W,172.34,38.94
1107405,2014,14,1073420,Playoff Game,L,97.92,124.7
1107405,2014,2,1073358,Division Game,W,83.28,83.14
1107405,2014,3,1073395,Non-Division Game,W,86.52,84.28
1107405,2014,4,1073420,Division Game,L,85.96,105.72
1107405,2014,5,1073363,Division Game,L,90.54,103.64
1107405,2014,6,1115989,Division Game,L,89.34,124.52
1107405,2014,7,1073361,Non-Division Game,L,93.42,97.86
1107405,2014,8,1073370,Division Game,W,104.36,104.18
1107405,2014,9,1073358,Division Game,W,96.86,69.72
1107405,2015,1,1073370,Division Game,W,111.42,72.34
1107405,2015,10,1087309,Non-Division Game,W,89.66,86.42
1107405,2015,11,1073420,Division Game,W,83.08,67.8
1107405,2015,12,1073363,Division Game,W,102.6,65.12
1107405,2015,13,1115989,Division Game,W,101.98,86.3
1107405,2015,15,1073358,Playoff Game,L,103.46,116.66
1107405,2015,16,1075098,Playoff Game 3rd place,W,112.86,84.62
1107405,2015,2,1073358,Division Game,L,91.54,105.5
1107405,2015,3,1075098,Non-Division Game,L,87.8,92.16
1107405,2015,4,1073420,Division Game,W,88.28,65.64
1107405,2015,5,1073363,Division Game,W,99.7,97.68
1107405,2015,6,1115989,Division Game,L,108.48,133.72
1107405,2015,7,1073671,Non-Division Game,W,123.6,119.9
1107405,2015,8,1073370,Division Game,W,101.24,97.7
1107405,2015,9,1073358,Division Game,L,77.16,105.78
1107405,2016,1,1115989,Division Game,W,71.92,59.64
1107405,2016,10,1089754,Non-Division Game,L,76.62,99.94
1107405,2016,11,1073420,Division Game,L,70.42,83.98
1107405,2016,12,1073358,Division Game,L,58.96,113.06
1107405,2016,13,1073370,Division Game,L,61.9,85.6
1107405,2016,14,1073370,Consolation Game,L,45.5,71.52
1107405,2016,15,1115989,Consolation Game,L,47.92,58.1
1107405,2016,2,1073363,Division Game,L,74.26,89.82
1107405,2016,3,1073395,Non-Division Game,L,53.92,111.7
1107405,2016,4,1073420,Division Game,L,61.36,135.22
1107405,2016,5,1073358,Division Game,L,81.14,102.92
1107405,2016,6,1073370,Division Game,W,93.14,88.56
1107405,2016,7,1073361,Non-Division Game,L,55.98,93.72
1107405,2016,8,1115989,Division Game,L,87.62,97.76
1107405,2016,9,1073363,Division Game,W,81.08,73.9
1107405,2017,1,1073370,Division Game,L,79.62,98.82
1107405,2017,10,1087309,Non-Division Game,W,104.92,72.74
1107405,2017,11,1073420,Division Game,W,117.32,88.3
1107405,2017,12,1073363,Division Game,W,126.62,115.92
1107405,2017,13,1115989,Division Game,W,107.58,62.92
1107405,2017,15,1073363,Playoff Game,L,107.88,131.68
1107405,2017,16,1089754,Playoff Game 3rd place,W,76.02,66.8
1107405,2017,2,1073358,Division Game,W,90.12,66.7
1107405,2017,3,1075098,Non-Division Game,L,93.22,117.62
1107405,2017,4,1073420,Division Game,W,91.6,74.78
1107405,2017,5,1073363,Division Game,W,94.92,80.72
1107405,2017,6,1115989,Division Game,W,105.64,79.98
1107405,2017,7,1073671,Non-Division Game,L,65.26,113.24
1107405,2017,8,1073370,Division Game,W,118.78,92.28
1107405,2017,9,1073358,Division Game,W,125.98,88.48
1107405,2018,1,1115989,Division Game,W,117.82,90.02
1107405,2018,2,1073363,Division Game,L,107.48,108.78
1107405,2018,3,1073395,Non-Division Game,W,133.22,112.4
1115989,2014,1,1073420,Division Game,W,106.24,76.02
1115989,2014,10,1075098,Non-Division Game,L,100.2,109.7
1115989,2014,11,1073363,Division Game,L,100.52,109.8
1115989,2014,12,1073358,Division Game,W,108.54,38.8
1115989,2014,13,1107405,Division Game,L,38.94,172.34
1115989,2014,14,1073358,Consolation Game,L,73.86,108.04
1115989,2014,2,1073370,Division Game,L,63.62,89.8
1115989,2014,3,1073361,Non-Division Game,L,75.2,117.3
1115989,2014,4,1073363,Division Game,L,86.52,95.28
1115989,2014,5,1073358,Division Game,W,93.64,84.3
1115989,2014,6,1107405,Division Game,W,124.52,89.34
1115989,2014,7,1087309,Non-Division Game,W,72.42,59.1
1115989,2014,8,1073420,Division Game,L,63.3,77.42
1115989,2014,9,1073370,Division Game,W,96.98,59.52
1115989,2015,1,1073420,Division Game,L,74.04,112.02
1115989,2015,10,1073671,Non-Division Game,L,53.48,95.26
1115989,2015,11,1073363,Division Game,L,90.8,101.94
1115989,2015,12,1073358,Division Game,L,77.32,116.04
1115989,2015,13,1107405,Division Game,L,86.3,101.98
1115989,2015,14,1073370,Consolation Game,W,75.46,44.5
1115989,2015,15,1073395,Consolation Game,W,88.1,64.46
1115989,2015,16,1073671,Consolation Game,L,70.7,93.28
1115989,2015,2,1073370,Division Game,L,78.22,127.26
1115989,2015,3,1073395,Non-Division Game,L,65.84,130.32
1115989,2015,4,1073363,Division Game,W,78.56,67.16
1115989,2015,5,1073358,Division Game,W,98.24,89.64
1115989,2015,6,1107405,Division Game,W,133.72,108.48
1115989,2015,7,1089754,Non-Division Game,L,49.7,105.64
1115989,2015,8,1073420,Division Game,L,47.34,101.48
1115989,2015,9,1073370,Division Game,W,85.16,66.32
1115989,2016,1,1107405,Division Game,L,59.64,71.92
1115989,2016,10,1075098,Non-Division Game,L,77.26,117.38
1115989,2016,11,1073363,Division Game,W,79.68,77.58
1115989,2016,12,1073370,Division Game,L,57.26,105.66
1115989,2016,13,1073420,Division Game,L,71.02,74.38
1115989,2016,14,1073671,Consolation Game,L,63.06,68.38
1115989,2016,15,1107405,Consolation Game,W,58.1,47.92
1115989,2016,2,1073358,Division Game,W,144.34,102.36
1115989,2016,3,1073361,Non-Division Game,L,69.64,121.54
1115989,2016,4,1073363,Division Game,L,62.04,95.3
1115989,2016,5,1073370,Division Game,L,68.92,101
1115989,2016,6,1073420,Division Game,L,65.96,107.9
1115989,2016,7,1087309,Non-Division Game,L,87.22,112.68
1115989,2016,8,1107405,Division Game,W,97.76,87.62
1115989,2016,9,1073358,Division Game,L,90.46,98.42
1115989,2017,1,1073420,Division Game,L,24.9,65.94
1115989,2017,10,1073671,Non-Division Game,L,75.92,86.56
1115989,2017,11,1073363,Division Game,L,65.02,78
1115989,2017,12,1073358,Division Game,L,88.98,113.28
1115989,2017,13,1107405,Division Game,L,62.92,107.58
1115989,2017,14,1075098,Consolation Game,L,76.14,89.1
1115989,2017,2,1073370,Division Game,L,71.16,92.72
1115989,2017,3,1073395,Non-Division Game,L,41.14,86.52
1115989,2017,4,1073363,Division Game,L,69.78,73.92
1115989,2017,5,1073358,Division Game,W,63.96,58.42
1115989,2017,6,1107405,Division Game,L,79.98,105.64
1115989,2017,7,1089754,Non-Division Game,L,66.92,99.42
1115989,2017,8,1073420,Division Game,W,84.84,76.26
1115989,2017,9,1073370,Division Game,L,44.96,79.62
1115989,2018,1,1107405,Division Game,L,90.02,117.82
1115989,2018,2,1073358,Division Game,L,84.3,87.8
1115989,2018,3,1073361,Non-Division Game,L,76.48,97.3
